"source","target","ligand","receptor","prob","pval","interaction_name","interaction_name_2","pathway_name","annotation","evidence"
"Vascular_Fibroblasts","Vascular_Fibroblasts","Spp1","ITGA8_ITGB1",0.0129098832622626,0,"SPP1_ITGA8_ITGB1","Spp1  - (Itga8+Itgb1)","SPP1","Secreted Signaling","PMID: 21907263"
"Astrocytes","Vascular_Fibroblasts","Mdk","Sdc2",0.00745223778249189,0,"MDK_SDC2","Mdk  - Sdc2","MK","Secreted Signaling","PMID: 28356350"
"Early_Differentiating","Vascular_Fibroblasts","Mdk","Sdc2",0.00993937894680997,0,"MDK_SDC2","Mdk  - Sdc2","MK","Secreted Signaling","PMID: 28356350"
"Interneurons","Vascular_Fibroblasts","Mdk","Sdc2",0.00678068505139487,0,"MDK_SDC2","Mdk  - Sdc2","MK","Secreted Signaling","PMID: 28356350"
"Mitotic_A","Vascular_Fibroblasts","Mdk","Sdc2",0.00802052665175237,0,"MDK_SDC2","Mdk  - Sdc2","MK","Secreted Signaling","PMID: 28356350"
"Mitotic_B","Vascular_Fibroblasts","Mdk","Sdc2",0.00964323351970406,0,"MDK_SDC2","Mdk  - Sdc2","MK","Secreted Signaling","PMID: 28356350"
"Purkinje_Cells","Vascular_Fibroblasts","Mdk","Sdc2",0.00947990065695503,0,"MDK_SDC2","Mdk  - Sdc2","MK","Secreted Signaling","PMID: 28356350"
"Red_Blood_Cells","Vascular_Fibroblasts","Mdk","Sdc2",0.0088672731523291,0,"MDK_SDC2","Mdk  - Sdc2","MK","Secreted Signaling","PMID: 28356350"
"Stem_A","Vascular_Fibroblasts","Mdk","Sdc2",0.0096904700706123,0,"MDK_SDC2","Mdk  - Sdc2","MK","Secreted Signaling","PMID: 28356350"
"Stem_B","Vascular_Fibroblasts","Mdk","Sdc2",0.00912091735453612,0,"MDK_SDC2","Mdk  - Sdc2","MK","Secreted Signaling","PMID: 28356350"
"Vascular_Fibroblasts","Vascular_Fibroblasts","Mdk","Sdc2",0.0299883445385231,0,"MDK_SDC2","Mdk  - Sdc2","MK","Secreted Signaling","PMID: 28356350"
"Astrocytes","Astrocytes","Mdk","Ptprz1",0.0323327168560765,0,"MDK_PTPRZ1","Mdk  - Ptprz1","MK","Secreted Signaling","PMID: 28356350"
"Early_Differentiating","Astrocytes","Mdk","Ptprz1",0.0427657924438181,0,"MDK_PTPRZ1","Mdk  - Ptprz1","MK","Secreted Signaling","PMID: 28356350"
"Interneurons","Astrocytes","Mdk","Ptprz1",0.0294856844911597,0,"MDK_PTPRZ1","Mdk  - Ptprz1","MK","Secreted Signaling","PMID: 28356350"
"Mitotic_A","Astrocytes","Mdk","Ptprz1",0.0347319358859986,0,"MDK_PTPRZ1","Mdk  - Ptprz1","MK","Secreted Signaling","PMID: 28356350"
"Mitotic_B","Astrocytes","Mdk","Ptprz1",0.0415326081775039,0,"MDK_PTPRZ1","Mdk  - Ptprz1","MK","Secreted Signaling","PMID: 28356350"
"Purkinje_Cells","Astrocytes","Mdk","Ptprz1",0.0408514269235037,0,"MDK_PTPRZ1","Mdk  - Ptprz1","MK","Secreted Signaling","PMID: 28356350"
"Red_Blood_Cells","Astrocytes","Mdk","Ptprz1",0.0382898209232815,0,"MDK_PTPRZ1","Mdk  - Ptprz1","MK","Secreted Signaling","PMID: 28356350"
"Stem_A","Astrocytes","Mdk","Ptprz1",0.0417294701689729,0,"MDK_PTPRZ1","Mdk  - Ptprz1","MK","Secreted Signaling","PMID: 28356350"
"Stem_B","Astrocytes","Mdk","Ptprz1",0.0393516679624394,0,"MDK_PTPRZ1","Mdk  - Ptprz1","MK","Secreted Signaling","PMID: 28356350"
"Vascular_Fibroblasts","Astrocytes","Mdk","Ptprz1",0.120941210703633,0,"MDK_PTPRZ1","Mdk  - Ptprz1","MK","Secreted Signaling","PMID: 28356350"
"Astrocytes","Oligodendrocytes","Mdk","Ptprz1",0.0319795409373659,0,"MDK_PTPRZ1","Mdk  - Ptprz1","MK","Secreted Signaling","PMID: 28356350"
"Early_Differentiating","Oligodendrocytes","Mdk","Ptprz1",0.0423036363215732,0,"MDK_PTPRZ1","Mdk  - Ptprz1","MK","Secreted Signaling","PMID: 28356350"
"Interneurons","Oligodendrocytes","Mdk","Ptprz1",0.0291626699826114,0,"MDK_PTPRZ1","Mdk  - Ptprz1","MK","Secreted Signaling","PMID: 28356350"
"Mitotic_A","Oligodendrocytes","Mdk","Ptprz1",0.0343534832651068,0,"MDK_PTPRZ1","Mdk  - Ptprz1","MK","Secreted Signaling","PMID: 28356350"
"Mitotic_B","Oligodendrocytes","Mdk","Ptprz1",0.0410832067189584,0,"MDK_PTPRZ1","Mdk  - Ptprz1","MK","Secreted Signaling","PMID: 28356350"
"Purkinje_Cells","Oligodendrocytes","Mdk","Ptprz1",0.0404090854028836,0,"MDK_PTPRZ1","Mdk  - Ptprz1","MK","Secreted Signaling","PMID: 28356350"
"Red_Blood_Cells","Oligodendrocytes","Mdk","Ptprz1",0.0378741213490623,0,"MDK_PTPRZ1","Mdk  - Ptprz1","MK","Secreted Signaling","PMID: 28356350"
"Stem_A","Oligodendrocytes","Mdk","Ptprz1",0.0412780303132313,0,"MDK_PTPRZ1","Mdk  - Ptprz1","MK","Secreted Signaling","PMID: 28356350"
"Stem_B","Oligodendrocytes","Mdk","Ptprz1",0.0389249068723549,0,"MDK_PTPRZ1","Mdk  - Ptprz1","MK","Secreted Signaling","PMID: 28356350"
"Vascular_Fibroblasts","Oligodendrocytes","Mdk","Ptprz1",0.119739915704301,0,"MDK_PTPRZ1","Mdk  - Ptprz1","MK","Secreted Signaling","PMID: 28356350"
"Astrocytes","Macrophages_Microglia","Mdk","Lrp1",0.00570623933742601,0,"MDK_LRP1","Mdk  - Lrp1","MK","Secreted Signaling","PMID: 28356350"
"Early_Differentiating","Macrophages_Microglia","Mdk","Lrp1",0.00761513442565276,0,"MDK_LRP1","Mdk  - Lrp1","MK","Secreted Signaling","PMID: 28356350"
"Interneurons","Macrophages_Microglia","Mdk","Lrp1",0.00519120301331413,0,"MDK_LRP1","Mdk  - Lrp1","MK","Secreted Signaling","PMID: 28356350"
"Mitotic_A","Macrophages_Microglia","Mdk","Lrp1",0.00614220671327892,0,"MDK_LRP1","Mdk  - Lrp1","MK","Secreted Signaling","PMID: 28356350"
"Mitotic_B","Macrophages_Microglia","Mdk","Lrp1",0.00738772350035014,0,"MDK_LRP1","Mdk  - Lrp1","MK","Secreted Signaling","PMID: 28356350"
"Purkinje_Cells","Macrophages_Microglia","Mdk","Lrp1",0.00726231333524935,0,"MDK_LRP1","Mdk  - Lrp1","MK","Secreted Signaling","PMID: 28356350"
"Red_Blood_Cells","Macrophages_Microglia","Mdk","Lrp1",0.00679201214845689,0,"MDK_LRP1","Mdk  - Lrp1","MK","Secreted Signaling","PMID: 28356350"
"Stem_A","Macrophages_Microglia","Mdk","Lrp1",0.00742399445130511,0,"MDK_LRP1","Mdk  - Lrp1","MK","Secreted Signaling","PMID: 28356350"
"Stem_B","Macrophages_Microglia","Mdk","Lrp1",0.00698671293493844,0,"MDK_LRP1","Mdk  - Lrp1","MK","Secreted Signaling","PMID: 28356350"
"Vascular_Fibroblasts","Macrophages_Microglia","Mdk","Lrp1",0.0230851255790414,0,"MDK_LRP1","Mdk  - Lrp1","MK","Secreted Signaling","PMID: 28356350"
"Astrocytes","Vascular_Fibroblasts","Mdk","Lrp1",0.00649208414890728,0,"MDK_LRP1","Mdk  - Lrp1","MK","Secreted Signaling","PMID: 28356350"
"Early_Differentiating","Vascular_Fibroblasts","Mdk","Lrp1",0.00866157600772083,0,"MDK_LRP1","Mdk  - Lrp1","MK","Secreted Signaling","PMID: 28356350"
"Interneurons","Vascular_Fibroblasts","Mdk","Lrp1",0.00590654003942172,0,"MDK_LRP1","Mdk  - Lrp1","MK","Secreted Signaling","PMID: 28356350"
"Mitotic_A","Vascular_Fibroblasts","Mdk","Lrp1",0.00698766959308804,0,"MDK_LRP1","Mdk  - Lrp1","MK","Secreted Signaling","PMID: 28356350"
"Mitotic_B","Vascular_Fibroblasts","Mdk","Lrp1",0.00840317978831077,0,"MDK_LRP1","Mdk  - Lrp1","MK","Secreted Signaling","PMID: 28356350"
"Purkinje_Cells","Vascular_Fibroblasts","Mdk","Lrp1",0.00826067521974885,0,"MDK_LRP1","Mdk  - Lrp1","MK","Secreted Signaling","PMID: 28356350"
"Red_Blood_Cells","Vascular_Fibroblasts","Mdk","Lrp1",0.00772622415132041,0,"MDK_LRP1","Mdk  - Lrp1","MK","Secreted Signaling","PMID: 28356350"
"Stem_A","Vascular_Fibroblasts","Mdk","Lrp1",0.00844439383576098,0,"MDK_LRP1","Mdk  - Lrp1","MK","Secreted Signaling","PMID: 28356350"
"Stem_B","Vascular_Fibroblasts","Mdk","Lrp1",0.00794749090068189,0,"MDK_LRP1","Mdk  - Lrp1","MK","Secreted Signaling","PMID: 28356350"
"Vascular_Fibroblasts","Vascular_Fibroblasts","Mdk","Lrp1",0.0262012653001936,0,"MDK_LRP1","Mdk  - Lrp1","MK","Secreted Signaling","PMID: 28356350"
"Vascular_Fibroblasts","Astrocytes","Mdk","Ncl",0.0972884248943508,0,"MDK_NCL","Mdk  - Ncl","MK","Secreted Signaling","PMID: 28356350"
"Vascular_Fibroblasts","Differentiated_CGN_like","Mdk","Ncl",0.1244830011087,0,"MDK_NCL","Mdk  - Ncl","MK","Secreted Signaling","PMID: 28356350"
"Vascular_Fibroblasts","Early_Differentiating","Mdk","Ncl",0.124026562534382,0,"MDK_NCL","Mdk  - Ncl","MK","Secreted Signaling","PMID: 28356350"
"Vascular_Fibroblasts","Endothelial","Mdk","Ncl",0.116149402046044,0,"MDK_NCL","Mdk  - Ncl","MK","Secreted Signaling","PMID: 28356350"
"Vascular_Fibroblasts","Interneurons","Mdk","Ncl",0.123193408381878,0,"MDK_NCL","Mdk  - Ncl","MK","Secreted Signaling","PMID: 28356350"
"Vascular_Fibroblasts","Late_Differentiating","Mdk","Ncl",0.10222158121587,0,"MDK_NCL","Mdk  - Ncl","MK","Secreted Signaling","PMID: 28356350"
"Vascular_Fibroblasts","Macrophages_Microglia","Mdk","Ncl",0.096860349263307,0,"MDK_NCL","Mdk  - Ncl","MK","Secreted Signaling","PMID: 28356350"
"Early_Differentiating","Mitotic_A","Mdk","Ncl",0.0661958141544084,0,"MDK_NCL","Mdk  - Ncl","MK","Secreted Signaling","PMID: 28356350"
"Mitotic_A","Mitotic_A","Mdk","Ncl",0.0540088022596417,0,"MDK_NCL","Mdk  - Ncl","MK","Secreted Signaling","PMID: 28356350"
"Mitotic_B","Mitotic_A","Mdk","Ncl",0.0643324135937942,0,"MDK_NCL","Mdk  - Ncl","MK","Secreted Signaling","PMID: 28356350"
"Purkinje_Cells","Mitotic_A","Mdk","Ncl",0.0633019870392942,0,"MDK_NCL","Mdk  - Ncl","MK","Secreted Signaling","PMID: 28356350"
"Red_Blood_Cells","Mitotic_A","Mdk","Ncl",0.0594198214731001,0,"MDK_NCL","Mdk  - Ncl","MK","Secreted Signaling","PMID: 28356350"
"Stem_A","Mitotic_A","Mdk","Ncl",0.0646300580459521,0,"MDK_NCL","Mdk  - Ncl","MK","Secreted Signaling","PMID: 28356350"
"Stem_B","Mitotic_A","Mdk","Ncl",0.0610304561331024,0,"MDK_NCL","Mdk  - Ncl","MK","Secreted Signaling","PMID: 28356350"
"Vascular_Fibroblasts","Mitotic_A","Mdk","Ncl",0.179183788450162,0,"MDK_NCL","Mdk  - Ncl","MK","Secreted Signaling","PMID: 28356350"
"Vascular_Fibroblasts","Mitotic_B","Mdk","Ncl",0.129413203326904,0,"MDK_NCL","Mdk  - Ncl","MK","Secreted Signaling","PMID: 28356350"
"Vascular_Fibroblasts","Oligodendrocytes","Mdk","Ncl",0.118712123558473,0,"MDK_NCL","Mdk  - Ncl","MK","Secreted Signaling","PMID: 28356350"
"Vascular_Fibroblasts","Pericytes","Mdk","Ncl",0.11996327656038,0,"MDK_NCL","Mdk  - Ncl","MK","Secreted Signaling","PMID: 28356350"
"Early_Differentiating","Purkinje_Cells","Mdk","Ncl",0.0589222013266791,0,"MDK_NCL","Mdk  - Ncl","MK","Secreted Signaling","PMID: 28356350"
"Mitotic_B","Purkinje_Cells","Mdk","Ncl",0.0572509985299927,0,"MDK_NCL","Mdk  - Ncl","MK","Secreted Signaling","PMID: 28356350"
"Purkinje_Cells","Purkinje_Cells","Mdk","Ncl",0.0563271684147862,0.01,"MDK_NCL","Mdk  - Ncl","MK","Secreted Signaling","PMID: 28356350"
"Stem_A","Purkinje_Cells","Mdk","Ncl",0.0575178937010938,0,"MDK_NCL","Mdk  - Ncl","MK","Secreted Signaling","PMID: 28356350"
"Stem_B","Purkinje_Cells","Mdk","Ncl",0.0542914155596965,0.01,"MDK_NCL","Mdk  - Ncl","MK","Secreted Signaling","PMID: 28356350"
"Vascular_Fibroblasts","Purkinje_Cells","Mdk","Ncl",0.161644125214032,0,"MDK_NCL","Mdk  - Ncl","MK","Secreted Signaling","PMID: 28356350"
"Early_Differentiating","Red_Blood_Cells","Mdk","Ncl",0.0581253265107383,0,"MDK_NCL","Mdk  - Ncl","MK","Secreted Signaling","PMID: 28356350"
"Mitotic_B","Red_Blood_Cells","Mdk","Ncl",0.0564753690152153,0,"MDK_NCL","Mdk  - Ncl","MK","Secreted Signaling","PMID: 28356350"
"Purkinje_Cells","Red_Blood_Cells","Mdk","Ncl",0.0555633171785529,0,"MDK_NCL","Mdk  - Ncl","MK","Secreted Signaling","PMID: 28356350"
"Stem_A","Red_Blood_Cells","Mdk","Ncl",0.0567388659421015,0,"MDK_NCL","Mdk  - Ncl","MK","Secreted Signaling","PMID: 28356350"
"Stem_B","Red_Blood_Cells","Mdk","Ncl",0.0535536044235452,0,"MDK_NCL","Mdk  - Ncl","MK","Secreted Signaling","PMID: 28356350"
"Vascular_Fibroblasts","Red_Blood_Cells","Mdk","Ncl",0.159693761843644,0,"MDK_NCL","Mdk  - Ncl","MK","Secreted Signaling","PMID: 28356350"
"Early_Differentiating","Stem_A","Mdk","Ncl",0.0646667496438314,0,"MDK_NCL","Mdk  - Ncl","MK","Secreted Signaling","PMID: 28356350"
"Mitotic_A","Stem_A","Mdk","Ncl",0.0527453460306337,0,"MDK_NCL","Mdk  - Ncl","MK","Secreted Signaling","PMID: 28356350"
"Mitotic_B","Stem_A","Mdk","Ncl",0.0628434952643947,0,"MDK_NCL","Mdk  - Ncl","MK","Secreted Signaling","PMID: 28356350"
"Purkinje_Cells","Stem_A","Mdk","Ncl",0.0618353409835936,0,"MDK_NCL","Mdk  - Ncl","MK","Secreted Signaling","PMID: 28356350"
"Red_Blood_Cells","Stem_A","Mdk","Ncl",0.0580375484221697,0,"MDK_NCL","Mdk  - Ncl","MK","Secreted Signaling","PMID: 28356350"
"Stem_A","Stem_A","Mdk","Ncl",0.0631347158126553,0,"MDK_NCL","Mdk  - Ncl","MK","Secreted Signaling","PMID: 28356350"
"Stem_B","Stem_A","Mdk","Ncl",0.0596130898474687,0,"MDK_NCL","Mdk  - Ncl","MK","Secreted Signaling","PMID: 28356350"
"Vascular_Fibroblasts","Stem_A","Mdk","Ncl",0.175535412129584,0,"MDK_NCL","Mdk  - Ncl","MK","Secreted Signaling","PMID: 28356350"
"Early_Differentiating","Stem_B","Mdk","Ncl",0.0596696851135308,0,"MDK_NCL","Mdk  - Ncl","MK","Secreted Signaling","PMID: 28356350"
"Mitotic_B","Stem_B","Mdk","Ncl",0.0579785876836626,0,"MDK_NCL","Mdk  - Ncl","MK","Secreted Signaling","PMID: 28356350"
"Purkinje_Cells","Stem_B","Mdk","Ncl",0.0570437272407403,0,"MDK_NCL","Mdk  - Ncl","MK","Secreted Signaling","PMID: 28356350"
"Red_Blood_Cells","Stem_B","Mdk","Ncl",0.0535234355727444,0.02,"MDK_NCL","Mdk  - Ncl","MK","Secreted Signaling","PMID: 28356350"
"Stem_A","Stem_B","Mdk","Ncl",0.0582486651889781,0,"MDK_NCL","Mdk  - Ncl","MK","Secreted Signaling","PMID: 28356350"
"Stem_B","Stem_B","Mdk","Ncl",0.0549835857528234,0,"MDK_NCL","Mdk  - Ncl","MK","Secreted Signaling","PMID: 28356350"
"Vascular_Fibroblasts","Stem_B","Mdk","Ncl",0.163468376514982,0,"MDK_NCL","Mdk  - Ncl","MK","Secreted Signaling","PMID: 28356350"
"Vascular_Fibroblasts","Vascular_Fibroblasts","Mdk","Ncl",0.106853685282502,0,"MDK_NCL","Mdk  - Ncl","MK","Secreted Signaling","PMID: 28356350"
"Astrocytes","Astrocytes","Ptn","Ptprz1",0.210496946021026,0,"PTN_PTPRZ1","Ptn  - Ptprz1","PTN","Secreted Signaling","PMID: 28356350; PMID: 25620911"
"Endothelial","Astrocytes","Ptn","Ptprz1",0.0317387648381793,0,"PTN_PTPRZ1","Ptn  - Ptprz1","PTN","Secreted Signaling","PMID: 28356350; PMID: 25620911"
"Late_Differentiating","Astrocytes","Ptn","Ptprz1",0.0416447458216234,0,"PTN_PTPRZ1","Ptn  - Ptprz1","PTN","Secreted Signaling","PMID: 28356350; PMID: 25620911"
"Mitotic_A","Astrocytes","Ptn","Ptprz1",0.0249627159318908,0,"PTN_PTPRZ1","Ptn  - Ptprz1","PTN","Secreted Signaling","PMID: 28356350; PMID: 25620911"
"Oligodendrocytes","Astrocytes","Ptn","Ptprz1",0.164128232256261,0,"PTN_PTPRZ1","Ptn  - Ptprz1","PTN","Secreted Signaling","PMID: 28356350; PMID: 25620911"
"Pericytes","Astrocytes","Ptn","Ptprz1",0.0472493455588249,0,"PTN_PTPRZ1","Ptn  - Ptprz1","PTN","Secreted Signaling","PMID: 28356350; PMID: 25620911"
"Stem_B","Astrocytes","Ptn","Ptprz1",0.0261350166375721,0,"PTN_PTPRZ1","Ptn  - Ptprz1","PTN","Secreted Signaling","PMID: 28356350; PMID: 25620911"
"Vascular_Fibroblasts","Astrocytes","Ptn","Ptprz1",0.26476125894108,0,"PTN_PTPRZ1","Ptn  - Ptprz1","PTN","Secreted Signaling","PMID: 28356350; PMID: 25620911"
"Astrocytes","Oligodendrocytes","Ptn","Ptprz1",0.208617210497586,0,"PTN_PTPRZ1","Ptn  - Ptprz1","PTN","Secreted Signaling","PMID: 28356350; PMID: 25620911"
"Endothelial","Oligodendrocytes","Ptn","Ptprz1",0.031391866290652,0,"PTN_PTPRZ1","Ptn  - Ptprz1","PTN","Secreted Signaling","PMID: 28356350; PMID: 25620911"
"Late_Differentiating","Oligodendrocytes","Ptn","Ptprz1",0.0411941831335589,0,"PTN_PTPRZ1","Ptn  - Ptprz1","PTN","Secreted Signaling","PMID: 28356350; PMID: 25620911"
"Mitotic_A","Oligodendrocytes","Ptn","Ptprz1",0.0246879899368245,0,"PTN_PTPRZ1","Ptn  - Ptprz1","PTN","Secreted Signaling","PMID: 28356350; PMID: 25620911"
"Oligodendrocytes","Oligodendrocytes","Ptn","Ptprz1",0.162577301642756,0,"PTN_PTPRZ1","Ptn  - Ptprz1","PTN","Secreted Signaling","PMID: 28356350; PMID: 25620911"
"Pericytes","Oligodendrocytes","Ptn","Ptprz1",0.0467411030183423,0,"PTN_PTPRZ1","Ptn  - Ptprz1","PTN","Secreted Signaling","PMID: 28356350; PMID: 25620911"
"Stem_B","Oligodendrocytes","Ptn","Ptprz1",0.0258477309596343,0,"PTN_PTPRZ1","Ptn  - Ptprz1","PTN","Secreted Signaling","PMID: 28356350; PMID: 25620911"
"Vascular_Fibroblasts","Oligodendrocytes","Ptn","Ptprz1",0.26255809610144,0,"PTN_PTPRZ1","Ptn  - Ptprz1","PTN","Secreted Signaling","PMID: 28356350; PMID: 25620911"
"Astrocytes","Vascular_Fibroblasts","Ptn","Sdc2",0.0565251177204601,0,"PTN_SDC2","Ptn  - Sdc2","PTN","Secreted Signaling","PMID: 28356350; PMID: 25620911"
"Endothelial","Vascular_Fibroblasts","Ptn","Sdc2",0.00731188657822694,0,"PTN_SDC2","Ptn  - Sdc2","PTN","Secreted Signaling","PMID: 28356350; PMID: 25620911"
"Late_Differentiating","Vascular_Fibroblasts","Ptn","Sdc2",0.00967013884534933,0,"PTN_SDC2","Ptn  - Sdc2","PTN","Secreted Signaling","PMID: 28356350; PMID: 25620911"
"Mitotic_A","Vascular_Fibroblasts","Ptn","Sdc2",0.00572003188114586,0,"PTN_SDC2","Ptn  - Sdc2","PTN","Secreted Signaling","PMID: 28356350; PMID: 25620911"
"Oligodendrocytes","Vascular_Fibroblasts","Ptn","Sdc2",0.0422582215379197,0,"PTN_SDC2","Ptn  - Sdc2","PTN","Secreted Signaling","PMID: 28356350; PMID: 25620911"
"Pericytes","Vascular_Fibroblasts","Ptn","Sdc2",0.0110210440998694,0,"PTN_SDC2","Ptn  - Sdc2","PTN","Secreted Signaling","PMID: 28356350; PMID: 25620911"
"Stem_B","Vascular_Fibroblasts","Ptn","Sdc2",0.00599421190129837,0,"PTN_SDC2","Ptn  - Sdc2","PTN","Secreted Signaling","PMID: 28356350; PMID: 25620911"
"Vascular_Fibroblasts","Vascular_Fibroblasts","Ptn","Sdc2",0.0748604526778905,0,"PTN_SDC2","Ptn  - Sdc2","PTN","Secreted Signaling","PMID: 28356350; PMID: 25620911"
"Astrocytes","Astrocytes","Ptn","Ncl",0.17277187493597,0,"PTN_NCL","Ptn  - Ncl","PTN","Secreted Signaling","PMID: 28356350; PMID: 25620911"
"Oligodendrocytes","Astrocytes","Ptn","Ncl",0.133310122903464,0,"PTN_NCL","Ptn  - Ncl","PTN","Secreted Signaling","PMID: 28356350; PMID: 25620911"
"Vascular_Fibroblasts","Astrocytes","Ptn","Ncl",0.220021237150415,0,"PTN_NCL","Ptn  - Ncl","PTN","Secreted Signaling","PMID: 28356350; PMID: 25620911"
"Astrocytes","Differentiated_CGN_like","Ptn","Ncl",0.216016912693746,0,"PTN_NCL","Ptn  - Ncl","PTN","Secreted Signaling","PMID: 28356350; PMID: 25620911"
"Late_Differentiating","Differentiated_CGN_like","Ptn","Ncl",0.0429778563700365,0,"PTN_NCL","Ptn  - Ncl","PTN","Secreted Signaling","PMID: 28356350; PMID: 25620911"
"Oligodendrocytes","Differentiated_CGN_like","Ptn","Ncl",0.168692059361411,0,"PTN_NCL","Ptn  - Ncl","PTN","Secreted Signaling","PMID: 28356350; PMID: 25620911"
"Pericytes","Differentiated_CGN_like","Ptn","Ncl",0.0487527408253348,0.02,"PTN_NCL","Ptn  - Ncl","PTN","Secreted Signaling","PMID: 28356350; PMID: 25620911"
"Vascular_Fibroblasts","Differentiated_CGN_like","Ptn","Ncl",0.271215387243679,0,"PTN_NCL","Ptn  - Ncl","PTN","Secreted Signaling","PMID: 28356350; PMID: 25620911"
"Astrocytes","Early_Differentiating","Ptn","Ncl",0.215307386108431,0,"PTN_NCL","Ptn  - Ncl","PTN","Secreted Signaling","PMID: 28356350; PMID: 25620911"
"Late_Differentiating","Early_Differentiating","Ptn","Ncl",0.0428056591144333,0,"PTN_NCL","Ptn  - Ncl","PTN","Secreted Signaling","PMID: 28356350; PMID: 25620911"
"Oligodendrocytes","Early_Differentiating","Ptn","Ncl",0.168104644820843,0,"PTN_NCL","Ptn  - Ncl","PTN","Secreted Signaling","PMID: 28356350; PMID: 25620911"
"Pericytes","Early_Differentiating","Ptn","Ncl",0.0485585796270503,0,"PTN_NCL","Ptn  - Ncl","PTN","Secreted Signaling","PMID: 28356350; PMID: 25620911"
"Vascular_Fibroblasts","Early_Differentiating","Ptn","Ncl",0.270387086234232,0,"PTN_NCL","Ptn  - Ncl","PTN","Secreted Signaling","PMID: 28356350; PMID: 25620911"
"Astrocytes","Endothelial","Ptn","Ncl",0.202976156946928,0,"PTN_NCL","Ptn  - Ncl","PTN","Secreted Signaling","PMID: 28356350; PMID: 25620911"
"Oligodendrocytes","Endothelial","Ptn","Ncl",0.157932732074745,0,"PTN_NCL","Ptn  - Ncl","PTN","Secreted Signaling","PMID: 28356350; PMID: 25620911"
"Pericytes","Endothelial","Ptn","Ncl",0.0452270613312433,0.02,"PTN_NCL","Ptn  - Ncl","PTN","Secreted Signaling","PMID: 28356350; PMID: 25620911"
"Vascular_Fibroblasts","Endothelial","Ptn","Ncl",0.255930166499312,0,"PTN_NCL","Ptn  - Ncl","PTN","Secreted Signaling","PMID: 28356350; PMID: 25620911"
"Astrocytes","Interneurons","Ptn","Ncl",0.214010856838403,0,"PTN_NCL","Ptn  - Ncl","PTN","Secreted Signaling","PMID: 28356350; PMID: 25620911"
"Late_Differentiating","Interneurons","Ptn","Ncl",0.0424916439574015,0,"PTN_NCL","Ptn  - Ncl","PTN","Secreted Signaling","PMID: 28356350; PMID: 25620911"
"Oligodendrocytes","Interneurons","Ptn","Ncl",0.167031854227249,0,"PTN_NCL","Ptn  - Ncl","PTN","Secreted Signaling","PMID: 28356350; PMID: 25620911"
"Pericytes","Interneurons","Ptn","Ncl",0.0482044873311566,0,"PTN_NCL","Ptn  - Ncl","PTN","Secreted Signaling","PMID: 28356350; PMID: 25620911"
"Vascular_Fibroblasts","Interneurons","Ptn","Ncl",0.268872528272494,0,"PTN_NCL","Ptn  - Ncl","PTN","Secreted Signaling","PMID: 28356350; PMID: 25620911"
"Astrocytes","Late_Differentiating","Ptn","Ncl",0.180766084221863,0,"PTN_NCL","Ptn  - Ncl","PTN","Secreted Signaling","PMID: 28356350; PMID: 25620911"
"Oligodendrocytes","Late_Differentiating","Ptn","Ncl",0.13978697066609,0,"PTN_NCL","Ptn  - Ncl","PTN","Secreted Signaling","PMID: 28356350; PMID: 25620911"
"Vascular_Fibroblasts","Late_Differentiating","Ptn","Ncl",0.229594903620877,0,"PTN_NCL","Ptn  - Ncl","PTN","Secreted Signaling","PMID: 28356350; PMID: 25620911"
"Astrocytes","Macrophages_Microglia","Ptn","Ncl",0.172074978123298,0,"PTN_NCL","Ptn  - Ncl","PTN","Secreted Signaling","PMID: 28356350; PMID: 25620911"
"Oligodendrocytes","Macrophages_Microglia","Ptn","Ncl",0.132746857035826,0,"PTN_NCL","Ptn  - Ncl","PTN","Secreted Signaling","PMID: 28356350; PMID: 25620911"
"Vascular_Fibroblasts","Macrophages_Microglia","Ptn","Ncl",0.219184252314392,0,"PTN_NCL","Ptn  - Ncl","PTN","Secreted Signaling","PMID: 28356350; PMID: 25620911"
"Astrocytes","Mitotic_A","Ptn","Ncl",0.2972824073507,0,"PTN_NCL","Ptn  - Ncl","PTN","Secreted Signaling","PMID: 28356350; PMID: 25620911"
"Endothelial","Mitotic_A","Ptn","Ncl",0.0494394532492221,0.01,"PTN_NCL","Ptn  - Ncl","PTN","Secreted Signaling","PMID: 28356350; PMID: 25620911"
"Late_Differentiating","Mitotic_A","Ptn","Ncl",0.0645019677416029,0,"PTN_NCL","Ptn  - Ncl","PTN","Secreted Signaling","PMID: 28356350; PMID: 25620911"
"Mitotic_A","Mitotic_A","Ptn","Ncl",0.039036761714715,0,"PTN_NCL","Ptn  - Ncl","PTN","Secreted Signaling","PMID: 28356350; PMID: 25620911"
"Oligodendrocytes","Mitotic_A","Ptn","Ncl",0.237548484888174,0,"PTN_NCL","Ptn  - Ncl","PTN","Secreted Signaling","PMID: 28356350; PMID: 25620911"
"Pericytes","Mitotic_A","Ptn","Ncl",0.0729485676545569,0,"PTN_NCL","Ptn  - Ncl","PTN","Secreted Signaling","PMID: 28356350; PMID: 25620911"
"Stem_B","Mitotic_A","Ptn","Ncl",0.0408423229923576,0,"PTN_NCL","Ptn  - Ncl","PTN","Secreted Signaling","PMID: 28356350; PMID: 25620911"
"Vascular_Fibroblasts","Mitotic_A","Ptn","Ncl",0.363615317832795,0,"PTN_NCL","Ptn  - Ncl","PTN","Secreted Signaling","PMID: 28356350; PMID: 25620911"
"Astrocytes","Mitotic_B","Ptn","Ncl",0.223646305670599,0,"PTN_NCL","Ptn  - Ncl","PTN","Secreted Signaling","PMID: 28356350; PMID: 25620911"
"Late_Differentiating","Mitotic_B","Ptn","Ncl",0.0448453582475726,0,"PTN_NCL","Ptn  - Ncl","PTN","Secreted Signaling","PMID: 28356350; PMID: 25620911"
"Oligodendrocytes","Mitotic_B","Ptn","Ncl",0.175023156902892,0,"PTN_NCL","Ptn  - Ncl","PTN","Secreted Signaling","PMID: 28356350; PMID: 25620911"
"Pericytes","Mitotic_B","Ptn","Ncl",0.0508578416757303,0,"PTN_NCL","Ptn  - Ncl","PTN","Secreted Signaling","PMID: 28356350; PMID: 25620911"
"Vascular_Fibroblasts","Mitotic_B","Ptn","Ncl",0.280097789534344,0,"PTN_NCL","Ptn  - Ncl","PTN","Secreted Signaling","PMID: 28356350; PMID: 25620911"
"Astrocytes","Oligodendrocytes","Ptn","Ncl",0.207005939391278,0,"PTN_NCL","Ptn  - Ncl","PTN","Secreted Signaling","PMID: 28356350; PMID: 25620911"
"Late_Differentiating","Oligodendrocytes","Ptn","Ncl",0.0408093349955901,0,"PTN_NCL","Ptn  - Ncl","PTN","Secreted Signaling","PMID: 28356350; PMID: 25620911"
"Oligodendrocytes","Oligodendrocytes","Ptn","Ncl",0.161249169078208,0,"PTN_NCL","Ptn  - Ncl","PTN","Secreted Signaling","PMID: 28356350; PMID: 25620911"
"Pericytes","Oligodendrocytes","Ptn","Ncl",0.0463069366973922,0.02,"PTN_NCL","Ptn  - Ncl","PTN","Secreted Signaling","PMID: 28356350; PMID: 25620911"
"Vascular_Fibroblasts","Oligodendrocytes","Ptn","Ncl",0.26066743451142,0,"PTN_NCL","Ptn  - Ncl","PTN","Secreted Signaling","PMID: 28356350; PMID: 25620911"
"Astrocytes","Pericytes","Ptn","Ncl",0.208967004255541,0,"PTN_NCL","Ptn  - Ncl","PTN","Secreted Signaling","PMID: 28356350; PMID: 25620911"
"Late_Differentiating","Pericytes","Ptn","Ncl",0.0412778967217755,0.01,"PTN_NCL","Ptn  - Ncl","PTN","Secreted Signaling","PMID: 28356350; PMID: 25620911"
"Oligodendrocytes","Pericytes","Ptn","Ncl",0.162865786037342,0,"PTN_NCL","Ptn  - Ncl","PTN","Secreted Signaling","PMID: 28356350; PMID: 25620911"
"Pericytes","Pericytes","Ptn","Ncl",0.0468355382653024,0.03,"PTN_NCL","Ptn  - Ncl","PTN","Secreted Signaling","PMID: 28356350; PMID: 25620911"
"Vascular_Fibroblasts","Pericytes","Ptn","Ncl",0.262968280290018,0,"PTN_NCL","Ptn  - Ncl","PTN","Secreted Signaling","PMID: 28356350; PMID: 25620911"
"Astrocytes","Purkinje_Cells","Ptn","Ncl",0.272013488194494,0,"PTN_NCL","Ptn  - Ncl","PTN","Secreted Signaling","PMID: 28356350; PMID: 25620911"
"Late_Differentiating","Purkinje_Cells","Ptn","Ncl",0.057403033956918,0,"PTN_NCL","Ptn  - Ncl","PTN","Secreted Signaling","PMID: 28356350; PMID: 25620911"
"Oligodendrocytes","Purkinje_Cells","Ptn","Ncl",0.215797722293241,0,"PTN_NCL","Ptn  - Ncl","PTN","Secreted Signaling","PMID: 28356350; PMID: 25620911"
"Pericytes","Purkinje_Cells","Ptn","Ncl",0.0649845968671339,0,"PTN_NCL","Ptn  - Ncl","PTN","Secreted Signaling","PMID: 28356350; PMID: 25620911"
"Vascular_Fibroblasts","Purkinje_Cells","Ptn","Ncl",0.33539920721461,0,"PTN_NCL","Ptn  - Ncl","PTN","Secreted Signaling","PMID: 28356350; PMID: 25620911"
"Astrocytes","Red_Blood_Cells","Ptn","Ncl",0.269158979473978,0,"PTN_NCL","Ptn  - Ncl","PTN","Secreted Signaling","PMID: 28356350; PMID: 25620911"
"Late_Differentiating","Red_Blood_Cells","Ptn","Ncl",0.0566254684024863,0,"PTN_NCL","Ptn  - Ncl","PTN","Secreted Signaling","PMID: 28356350; PMID: 25620911"
"Oligodendrocytes","Red_Blood_Cells","Ptn","Ncl",0.213360243942967,0,"PTN_NCL","Ptn  - Ncl","PTN","Secreted Signaling","PMID: 28356350; PMID: 25620911"
"Pericytes","Red_Blood_Cells","Ptn","Ncl",0.0641113186182782,0,"PTN_NCL","Ptn  - Ncl","PTN","Secreted Signaling","PMID: 28356350; PMID: 25620911"
"Vascular_Fibroblasts","Red_Blood_Cells","Ptn","Ncl",0.332183048374599,0,"PTN_NCL","Ptn  - Ncl","PTN","Secreted Signaling","PMID: 28356350; PMID: 25620911"
"Astrocytes","Stem_A","Ptn","Ncl",0.292085090725257,0,"PTN_NCL","Ptn  - Ncl","PTN","Secreted Signaling","PMID: 28356350; PMID: 25620911"
"Endothelial","Stem_A","Ptn","Ncl",0.0482774350426085,0,"PTN_NCL","Ptn  - Ncl","PTN","Secreted Signaling","PMID: 28356350; PMID: 25620911"
"Late_Differentiating","Stem_A","Ptn","Ncl",0.0630093894884579,0,"PTN_NCL","Ptn  - Ncl","PTN","Secreted Signaling","PMID: 28356350; PMID: 25620911"
"Mitotic_A","Stem_A","Ptn","Ncl",0.0381094444375949,0.02,"PTN_NCL","Ptn  - Ncl","PTN","Secreted Signaling","PMID: 28356350; PMID: 25620911"
"Oligodendrocytes","Stem_A","Ptn","Ncl",0.233049145979777,0,"PTN_NCL","Ptn  - Ncl","PTN","Secreted Signaling","PMID: 28356350; PMID: 25620911"
"Pericytes","Stem_A","Ptn","Ncl",0.0712754263799709,0,"PTN_NCL","Ptn  - Ncl","PTN","Secreted Signaling","PMID: 28356350; PMID: 25620911"
"Stem_B","Stem_A","Ptn","Ncl",0.0398738943609216,0,"PTN_NCL","Ptn  - Ncl","PTN","Secreted Signaling","PMID: 28356350; PMID: 25620911"
"Vascular_Fibroblasts","Stem_A","Ptn","Ncl",0.357848870523246,0,"PTN_NCL","Ptn  - Ncl","PTN","Secreted Signaling","PMID: 28356350; PMID: 25620911"
"Astrocytes","Stem_B","Ptn","Ncl",0.274675226330359,0,"PTN_NCL","Ptn  - Ncl","PTN","Secreted Signaling","PMID: 28356350; PMID: 25620911"
"Endothelial","Stem_B","Ptn","Ncl",0.0444866037554611,0.02,"PTN_NCL","Ptn  - Ncl","PTN","Secreted Signaling","PMID: 28356350; PMID: 25620911"
"Late_Differentiating","Stem_B","Ptn","Ncl",0.0581324361487068,0,"PTN_NCL","Ptn  - Ncl","PTN","Secreted Signaling","PMID: 28356350; PMID: 25620911"
"Oligodendrocytes","Stem_B","Ptn","Ncl",0.218074154916077,0,"PTN_NCL","Ptn  - Ncl","PTN","Secreted Signaling","PMID: 28356350; PMID: 25620911"
"Pericytes","Stem_B","Ptn","Ncl",0.0658036102340558,0,"PTN_NCL","Ptn  - Ncl","PTN","Secreted Signaling","PMID: 28356350; PMID: 25620911"
"Stem_B","Stem_B","Ptn","Ncl",0.0367174667960644,0.01,"PTN_NCL","Ptn  - Ncl","PTN","Secreted Signaling","PMID: 28356350; PMID: 25620911"
"Vascular_Fibroblasts","Stem_B","Ptn","Ncl",0.338392881707363,0,"PTN_NCL","Ptn  - Ncl","PTN","Secreted Signaling","PMID: 28356350; PMID: 25620911"
"Astrocytes","Vascular_Fibroblasts","Ptn","Ncl",0.188211228071056,0,"PTN_NCL","Ptn  - Ncl","PTN","Secreted Signaling","PMID: 28356350; PMID: 25620911"
"Oligodendrocytes","Vascular_Fibroblasts","Ptn","Ncl",0.145844793786114,0,"PTN_NCL","Ptn  - Ncl","PTN","Secreted Signaling","PMID: 28356350; PMID: 25620911"
"Vascular_Fibroblasts","Vascular_Fibroblasts","Ptn","Ncl",0.238465744517732,0,"PTN_NCL","Ptn  - Ncl","PTN","Secreted Signaling","PMID: 28356350; PMID: 25620911"
"Vascular_Fibroblasts","Astrocytes","Edn3","Ednrb",0.124036540572793,0,"EDN3_EDNRB","Edn3  - Ednrb","EDN","Secreted Signaling","KEGG: mmu04080"
"Vascular_Fibroblasts","Oligodendrocytes","Edn3","Ednrb",0.0329730989021714,0,"EDN3_EDNRB","Edn3  - Ednrb","EDN","Secreted Signaling","KEGG: mmu04080"
"Astrocytes","Astrocytes","Psap","Gpr37l1",0.0137286400566179,0,"PSAP_GPR37L1","Psap  - Gpr37l1","PSAP","Secreted Signaling","PMID: 23690594"
"Differentiated_CGN_like","Astrocytes","Psap","Gpr37l1",0.00701700729613365,0,"PSAP_GPR37L1","Psap  - Gpr37l1","PSAP","Secreted Signaling","PMID: 23690594"
"Macrophages_Microglia","Astrocytes","Psap","Gpr37l1",0.0427543945669582,0,"PSAP_GPR37L1","Psap  - Gpr37l1","PSAP","Secreted Signaling","PMID: 23690594"
"Oligodendrocytes","Astrocytes","Psap","Gpr37l1",0.00727980437552034,0,"PSAP_GPR37L1","Psap  - Gpr37l1","PSAP","Secreted Signaling","PMID: 23690594"
"Vascular_Fibroblasts","Astrocytes","Psap","Gpr37l1",0.00996034009033686,0,"PSAP_GPR37L1","Psap  - Gpr37l1","PSAP","Secreted Signaling","PMID: 23690594"
"Astrocytes","Oligodendrocytes","Psap","Gpr37l1",0.0127652978960389,0,"PSAP_GPR37L1","Psap  - Gpr37l1","PSAP","Secreted Signaling","PMID: 23690594"
"Differentiated_CGN_like","Oligodendrocytes","Psap","Gpr37l1",0.00652150800939317,0,"PSAP_GPR37L1","Psap  - Gpr37l1","PSAP","Secreted Signaling","PMID: 23690594"
"Macrophages_Microglia","Oligodendrocytes","Psap","Gpr37l1",0.0398365741691959,0,"PSAP_GPR37L1","Psap  - Gpr37l1","PSAP","Secreted Signaling","PMID: 23690594"
"Oligodendrocytes","Oligodendrocytes","Psap","Gpr37l1",0.00676587436602421,0,"PSAP_GPR37L1","Psap  - Gpr37l1","PSAP","Secreted Signaling","PMID: 23690594"
"Vascular_Fibroblasts","Oligodendrocytes","Psap","Gpr37l1",0.00925893814424828,0,"PSAP_GPR37L1","Psap  - Gpr37l1","PSAP","Secreted Signaling","PMID: 23690594"
"Vascular_Fibroblasts","Vascular_Fibroblasts","Vtn","ITGA8_ITGB1",0.0844675484490756,0,"VTN_ITGA8_ITGB1","Vtn  - (Itga8+Itgb1)","VTN","ECM-Receptor","KEGG: mmu04512"
"Macrophages_Microglia","Interneurons","Cholesterol-LIPA","Rora",0.0102167037649507,0,"Cholesterol-Cholesterol-LIPA_RORA","Cholesterol-LIPA - Rora","Cholesterol","Non-protein Signaling","HMRbase;PMID:12467577;PDB:1N83"
"Mitotic_A","Astrocytes","Ppia","Bsg",0.00530503875526931,0,"PPIA_BSG","Ppia - Bsg","CypA","Non-protein Signaling","PMID: 36012604"
"Mitotic_B","Astrocytes","Ppia","Bsg",0.0056241461103861,0,"PPIA_BSG","Ppia - Bsg","CypA","Non-protein Signaling","PMID: 36012604"
"Red_Blood_Cells","Astrocytes","Ppia","Bsg",0.00528159556621807,0.03,"PPIA_BSG","Ppia - Bsg","CypA","Non-protein Signaling","PMID: 36012604"
"Mitotic_A","Differentiated_CGN_like","Ppia","Bsg",0.00509833873882365,0,"PPIA_BSG","Ppia - Bsg","CypA","Non-protein Signaling","PMID: 36012604"
"Mitotic_B","Differentiated_CGN_like","Ppia","Bsg",0.00540508028837569,0,"PPIA_BSG","Ppia - Bsg","CypA","Non-protein Signaling","PMID: 36012604"
"Purkinje_Cells","Differentiated_CGN_like","Ppia","Bsg",0.00460832255678249,0.04,"PPIA_BSG","Ppia - Bsg","CypA","Non-protein Signaling","PMID: 36012604"
"Mitotic_A","Early_Differentiating","Ppia","Bsg",0.00727739971715006,0,"PPIA_BSG","Ppia - Bsg","CypA","Non-protein Signaling","PMID: 36012604"
"Mitotic_B","Early_Differentiating","Ppia","Bsg",0.00771422792750453,0,"PPIA_BSG","Ppia - Bsg","CypA","Non-protein Signaling","PMID: 36012604"
"Purkinje_Cells","Early_Differentiating","Ppia","Bsg",0.00657933264894999,0,"PPIA_BSG","Ppia - Bsg","CypA","Non-protein Signaling","PMID: 36012604"
"Red_Blood_Cells","Early_Differentiating","Ppia","Bsg",0.00724530406865318,0,"PPIA_BSG","Ppia - Bsg","CypA","Non-protein Signaling","PMID: 36012604"
"Mitotic_A","Endothelial","Ppia","Bsg",0.0587573229316762,0,"PPIA_BSG","Ppia - Bsg","CypA","Non-protein Signaling","PMID: 36012604"
"Mitotic_B","Endothelial","Ppia","Bsg",0.0620909759799759,0,"PPIA_BSG","Ppia - Bsg","CypA","Non-protein Signaling","PMID: 36012604"
"Purkinje_Cells","Endothelial","Ppia","Bsg",0.0533867289712825,0,"PPIA_BSG","Ppia - Bsg","CypA","Non-protein Signaling","PMID: 36012604"
"Red_Blood_Cells","Endothelial","Ppia","Bsg",0.0585115664590424,0,"PPIA_BSG","Ppia - Bsg","CypA","Non-protein Signaling","PMID: 36012604"
"Mitotic_A","Late_Differentiating","Ppia","Bsg",0.00655620665145573,0,"PPIA_BSG","Ppia - Bsg","CypA","Non-protein Signaling","PMID: 36012604"
"Mitotic_B","Late_Differentiating","Ppia","Bsg",0.00695004809292381,0,"PPIA_BSG","Ppia - Bsg","CypA","Non-protein Signaling","PMID: 36012604"
"Purkinje_Cells","Late_Differentiating","Ppia","Bsg",0.00592690527247238,0.01,"PPIA_BSG","Ppia - Bsg","CypA","Non-protein Signaling","PMID: 36012604"
"Red_Blood_Cells","Late_Differentiating","Ppia","Bsg",0.00652727078044349,0,"PPIA_BSG","Ppia - Bsg","CypA","Non-protein Signaling","PMID: 36012604"
"Mitotic_A","Macrophages_Microglia","Ppia","Bsg",0.00687879863882815,0,"PPIA_BSG","Ppia - Bsg","CypA","Non-protein Signaling","PMID: 36012604"
"Mitotic_B","Macrophages_Microglia","Ppia","Bsg",0.00729187643943819,0,"PPIA_BSG","Ppia - Bsg","CypA","Non-protein Signaling","PMID: 36012604"
"Purkinje_Cells","Macrophages_Microglia","Ppia","Bsg",0.00621872690542886,0.02,"PPIA_BSG","Ppia - Bsg","CypA","Non-protein Signaling","PMID: 36012604"
"Red_Blood_Cells","Macrophages_Microglia","Ppia","Bsg",0.00684844882038612,0,"PPIA_BSG","Ppia - Bsg","CypA","Non-protein Signaling","PMID: 36012604"
"Mitotic_A","Mitotic_B","Ppia","Bsg",0.00649935843177185,0,"PPIA_BSG","Ppia - Bsg","CypA","Non-protein Signaling","PMID: 36012604"
"Mitotic_B","Mitotic_B","Ppia","Bsg",0.00688980859673616,0,"PPIA_BSG","Ppia - Bsg","CypA","Non-protein Signaling","PMID: 36012604"
"Purkinje_Cells","Mitotic_B","Ppia","Bsg",0.0058754813910374,0.01,"PPIA_BSG","Ppia - Bsg","CypA","Non-protein Signaling","PMID: 36012604"
"Red_Blood_Cells","Mitotic_B","Ppia","Bsg",0.00647067182663011,0,"PPIA_BSG","Ppia - Bsg","CypA","Non-protein Signaling","PMID: 36012604"
"Mitotic_A","Oligodendrocytes","Ppia","Bsg",0.00759221909760016,0,"PPIA_BSG","Ppia - Bsg","CypA","Non-protein Signaling","PMID: 36012604"
"Mitotic_B","Oligodendrocytes","Ppia","Bsg",0.00804779124539332,0,"PPIA_BSG","Ppia - Bsg","CypA","Non-protein Signaling","PMID: 36012604"
"Purkinje_Cells","Oligodendrocytes","Ppia","Bsg",0.00686416254291028,0,"PPIA_BSG","Ppia - Bsg","CypA","Non-protein Signaling","PMID: 36012604"
"Red_Blood_Cells","Oligodendrocytes","Ppia","Bsg",0.00755874556736052,0,"PPIA_BSG","Ppia - Bsg","CypA","Non-protein Signaling","PMID: 36012604"
"Mitotic_A","Red_Blood_Cells","Ppia","Bsg",0.00626460451354908,0,"PPIA_BSG","Ppia - Bsg","CypA","Non-protein Signaling","PMID: 36012604"
"Mitotic_B","Red_Blood_Cells","Ppia","Bsg",0.0066410460638825,0,"PPIA_BSG","Ppia - Bsg","CypA","Non-protein Signaling","PMID: 36012604"
"Purkinje_Cells","Red_Blood_Cells","Ppia","Bsg",0.00566313318357215,0.03,"PPIA_BSG","Ppia - Bsg","CypA","Non-protein Signaling","PMID: 36012604"
"Red_Blood_Cells","Red_Blood_Cells","Ppia","Bsg",0.00623694755107556,0,"PPIA_BSG","Ppia - Bsg","CypA","Non-protein Signaling","PMID: 36012604"
"Mitotic_A","Stem_B","Ppia","Bsg",0.00672183962797869,0,"PPIA_BSG","Ppia - Bsg","CypA","Non-protein Signaling","PMID: 36012604"
"Mitotic_B","Stem_B","Ppia","Bsg",0.00712555953172446,0,"PPIA_BSG","Ppia - Bsg","CypA","Non-protein Signaling","PMID: 36012604"
"Purkinje_Cells","Stem_B","Ppia","Bsg",0.00607673711748072,0.01,"PPIA_BSG","Ppia - Bsg","CypA","Non-protein Signaling","PMID: 36012604"
"Red_Blood_Cells","Stem_B","Ppia","Bsg",0.00669217765890451,0,"PPIA_BSG","Ppia - Bsg","CypA","Non-protein Signaling","PMID: 36012604"
"Mitotic_A","Vascular_Fibroblasts","Ppia","Bsg",0.00853572892700225,0,"PPIA_BSG","Ppia - Bsg","CypA","Non-protein Signaling","PMID: 36012604"
"Mitotic_B","Vascular_Fibroblasts","Ppia","Bsg",0.00904740037027792,0,"PPIA_BSG","Ppia - Bsg","CypA","Non-protein Signaling","PMID: 36012604"
"Purkinje_Cells","Vascular_Fibroblasts","Ppia","Bsg",0.00771789805158787,0,"PPIA_BSG","Ppia - Bsg","CypA","Non-protein Signaling","PMID: 36012604"
"Red_Blood_Cells","Vascular_Fibroblasts","Ppia","Bsg",0.00849813115350814,0,"PPIA_BSG","Ppia - Bsg","CypA","Non-protein Signaling","PMID: 36012604"
"Mitotic_A","Macrophages_Microglia","Cadm1","Cadm1",0.00746907492568192,0,"CADM1_CADM1","Cadm1  - Cadm1","CADM","Cell-Cell Contact","PMID: 24503895"
"Purkinje_Cells","Macrophages_Microglia","Cadm1","Cadm1",0.00779811020921175,0.02,"CADM1_CADM1","Cadm1  - Cadm1","CADM","Cell-Cell Contact","PMID: 24503895"
"Red_Blood_Cells","Macrophages_Microglia","Cadm1","Cadm1",0.00773692451760064,0.01,"CADM1_CADM1","Cadm1  - Cadm1","CADM","Cell-Cell Contact","PMID: 24503895"
"Stem_A","Macrophages_Microglia","Cadm1","Cadm1",0.00694695536032842,0.02,"CADM1_CADM1","Cadm1  - Cadm1","CADM","Cell-Cell Contact","PMID: 24503895"
"Stem_B","Macrophages_Microglia","Cadm1","Cadm1",0.0078028150954753,0,"CADM1_CADM1","Cadm1  - Cadm1","CADM","Cell-Cell Contact","PMID: 24503895"
"Macrophages_Microglia","Mitotic_A","Cadm1","Cadm1",0.00746907492568192,0,"CADM1_CADM1","Cadm1  - Cadm1","CADM","Cell-Cell Contact","PMID: 24503895"
"Mitotic_A","Mitotic_A","Cadm1","Cadm1",0.00722861921010207,0,"CADM1_CADM1","Cadm1  - Cadm1","CADM","Cell-Cell Contact","PMID: 24503895"
"Purkinje_Cells","Mitotic_A","Cadm1","Cadm1",0.00754714224091998,0,"CADM1_CADM1","Cadm1  - Cadm1","CADM","Cell-Cell Contact","PMID: 24503895"
"Red_Blood_Cells","Mitotic_A","Cadm1","Cadm1",0.00748791083860302,0,"CADM1_CADM1","Cadm1  - Cadm1","CADM","Cell-Cell Contact","PMID: 24503895"
"Stem_A","Mitotic_A","Cadm1","Cadm1",0.00672319464494504,0,"CADM1_CADM1","Cadm1  - Cadm1","CADM","Cell-Cell Contact","PMID: 24503895"
"Stem_B","Mitotic_A","Cadm1","Cadm1",0.00755169686144305,0,"CADM1_CADM1","Cadm1  - Cadm1","CADM","Cell-Cell Contact","PMID: 24503895"
"Stem_B","Mitotic_B","Cadm1","Cadm1",0.00626450957703196,0,"CADM1_CADM1","Cadm1  - Cadm1","CADM","Cell-Cell Contact","PMID: 24503895"
"Macrophages_Microglia","Purkinje_Cells","Cadm1","Cadm1",0.00779811020921175,0.02,"CADM1_CADM1","Cadm1  - Cadm1","CADM","Cell-Cell Contact","PMID: 24503895"
"Mitotic_A","Purkinje_Cells","Cadm1","Cadm1",0.00754714224091998,0,"CADM1_CADM1","Cadm1  - Cadm1","CADM","Cell-Cell Contact","PMID: 24503895"
"Purkinje_Cells","Purkinje_Cells","Cadm1","Cadm1",0.00787958932257623,0.04,"CADM1_CADM1","Cadm1  - Cadm1","CADM","Cell-Cell Contact","PMID: 24503895"
"Red_Blood_Cells","Purkinje_Cells","Cadm1","Cadm1",0.00781776936508624,0.01,"CADM1_CADM1","Cadm1  - Cadm1","CADM","Cell-Cell Contact","PMID: 24503895"
"Stem_A","Purkinje_Cells","Cadm1","Cadm1",0.00701960403971496,0.01,"CADM1_CADM1","Cadm1  - Cadm1","CADM","Cell-Cell Contact","PMID: 24503895"
"Stem_B","Purkinje_Cells","Cadm1","Cadm1",0.00788434297754574,0,"CADM1_CADM1","Cadm1  - Cadm1","CADM","Cell-Cell Contact","PMID: 24503895"
"Macrophages_Microglia","Red_Blood_Cells","Cadm1","Cadm1",0.00773692451760064,0.01,"CADM1_CADM1","Cadm1  - Cadm1","CADM","Cell-Cell Contact","PMID: 24503895"
"Mitotic_A","Red_Blood_Cells","Cadm1","Cadm1",0.00748791083860302,0,"CADM1_CADM1","Cadm1  - Cadm1","CADM","Cell-Cell Contact","PMID: 24503895"
"Purkinje_Cells","Red_Blood_Cells","Cadm1","Cadm1",0.00781776936508624,0.01,"CADM1_CADM1","Cadm1  - Cadm1","CADM","Cell-Cell Contact","PMID: 24503895"
"Red_Blood_Cells","Red_Blood_Cells","Cadm1","Cadm1",0.00775643062923792,0.04,"CADM1_CADM1","Cadm1  - Cadm1","CADM","Cell-Cell Contact","PMID: 24503895"
"Stem_A","Red_Blood_Cells","Cadm1","Cadm1",0.00696448380339107,0.01,"CADM1_CADM1","Cadm1  - Cadm1","CADM","Cell-Cell Contact","PMID: 24503895"
"Stem_B","Red_Blood_Cells","Cadm1","Cadm1",0.00782248601892804,0,"CADM1_CADM1","Cadm1  - Cadm1","CADM","Cell-Cell Contact","PMID: 24503895"
"Macrophages_Microglia","Stem_A","Cadm1","Cadm1",0.00694695536032842,0.02,"CADM1_CADM1","Cadm1  - Cadm1","CADM","Cell-Cell Contact","PMID: 24503895"
"Mitotic_A","Stem_A","Cadm1","Cadm1",0.00672319464494504,0,"CADM1_CADM1","Cadm1  - Cadm1","CADM","Cell-Cell Contact","PMID: 24503895"
"Purkinje_Cells","Stem_A","Cadm1","Cadm1",0.00701960403971496,0.01,"CADM1_CADM1","Cadm1  - Cadm1","CADM","Cell-Cell Contact","PMID: 24503895"
"Red_Blood_Cells","Stem_A","Cadm1","Cadm1",0.00696448380339107,0.01,"CADM1_CADM1","Cadm1  - Cadm1","CADM","Cell-Cell Contact","PMID: 24503895"
"Stem_B","Stem_A","Cadm1","Cadm1",0.00702384254965435,0,"CADM1_CADM1","Cadm1  - Cadm1","CADM","Cell-Cell Contact","PMID: 24503895"
"Macrophages_Microglia","Stem_B","Cadm1","Cadm1",0.0078028150954753,0,"CADM1_CADM1","Cadm1  - Cadm1","CADM","Cell-Cell Contact","PMID: 24503895"
"Mitotic_A","Stem_B","Cadm1","Cadm1",0.00755169686144305,0,"CADM1_CADM1","Cadm1  - Cadm1","CADM","Cell-Cell Contact","PMID: 24503895"
"Mitotic_B","Stem_B","Cadm1","Cadm1",0.00626450957703196,0,"CADM1_CADM1","Cadm1  - Cadm1","CADM","Cell-Cell Contact","PMID: 24503895"
"Purkinje_Cells","Stem_B","Cadm1","Cadm1",0.00788434297754574,0,"CADM1_CADM1","Cadm1  - Cadm1","CADM","Cell-Cell Contact","PMID: 24503895"
"Red_Blood_Cells","Stem_B","Cadm1","Cadm1",0.00782248601892804,0,"CADM1_CADM1","Cadm1  - Cadm1","CADM","Cell-Cell Contact","PMID: 24503895"
"Stem_A","Stem_B","Cadm1","Cadm1",0.00702384254965435,0,"CADM1_CADM1","Cadm1  - Cadm1","CADM","Cell-Cell Contact","PMID: 24503895"
"Stem_B","Stem_B","Cadm1","Cadm1",0.00788909947753001,0,"CADM1_CADM1","Cadm1  - Cadm1","CADM","Cell-Cell Contact","PMID: 24503895"
"Differentiated_CGN_like","Differentiated_CGN_like","Cadm3","Cadm3",0.0122467386991856,0,"CADM3_CADM3","Cadm3  - Cadm3","CADM","Cell-Cell Contact","KEGG: mmu04514"
"Late_Differentiating","Differentiated_CGN_like","Cadm3","Cadm3",0.0106680424344471,0,"CADM3_CADM3","Cadm3  - Cadm3","CADM","Cell-Cell Contact","KEGG: mmu04514"
"Differentiated_CGN_like","Late_Differentiating","Cadm3","Cadm3",0.0106680424344471,0,"CADM3_CADM3","Cadm3  - Cadm3","CADM","Cell-Cell Contact","KEGG: mmu04514"
"Late_Differentiating","Late_Differentiating","Cadm3","Cadm3",0.00929093773004249,0,"CADM3_CADM3","Cadm3  - Cadm3","CADM","Cell-Cell Contact","KEGG: mmu04514"
"Endothelial","Endothelial","Cdh5","Cdh5",0.00750177076053142,0,"CDH5_CDH5","Cdh5  - Cdh5","CDH5","Cell-Cell Contact","KEGG: mmu04514"
"Vascular_Fibroblasts","Vascular_Fibroblasts","Cldn11","Cldn11",0.0132148949457246,0,"CLDN11_CLDN11","Cldn11  - Cldn11","CLDN","Cell-Cell Contact","KEGG: mmu04514"
"Early_Differentiating","Early_Differentiating","Cntn2","Cntn2",0.00671216724467551,0,"CNTN2_CNTN2","Cntn2  - Cntn2","CNTN","Cell-Cell Contact","KEGG: mmu04514"
"Late_Differentiating","Early_Differentiating","Cntn2","Cntn2",0.0245600318606818,0,"CNTN2_CNTN2","Cntn2  - Cntn2","CNTN","Cell-Cell Contact","KEGG: mmu04514"
"Early_Differentiating","Late_Differentiating","Cntn2","Cntn2",0.0245600318606818,0,"CNTN2_CNTN2","Cntn2  - Cntn2","CNTN","Cell-Cell Contact","KEGG: mmu04514"
"Late_Differentiating","Late_Differentiating","Cntn2","Cntn2",0.0857680434104933,0,"CNTN2_CNTN2","Cntn2  - Cntn2","CNTN","Cell-Cell Contact","KEGG: mmu04514"
"Oligodendrocytes","Astrocytes","Cntn1","Nrcam",0.0168252054350315,0,"CNTN1_NRCAM","Cntn1  - Nrcam","CNTN","Cell-Cell Contact","KEGG: mmu04514"
"Oligodendrocytes","Interneurons","Cntn1","Nrcam",0.0218043125406567,0,"CNTN1_NRCAM","Cntn1  - Nrcam","CNTN","Cell-Cell Contact","KEGG: mmu04514"
"Endothelial","Endothelial","Esam","Esam",0.0765585790383614,0,"ESAM_ESAM","Esam  - Esam","ESAM","Cell-Cell Contact","KEGG: mmu04514; PMID: 11279107"
"Endothelial","Endothelial","Mpzl1","Mpzl1",0.00652854549777069,0,"MPZL1_MPZL1","Mpzl1  - Mpzl1","MPZ","Cell-Cell Contact","KEGG: mmu04514"
"Late_Differentiating","Interneurons","Ncam1","Ncam1",0.00813886837384438,0,"NCAM1_NCAM1","Ncam1  - Ncam1","NCAM","Cell-Cell Contact","KEGG: mmu04514"
"Oligodendrocytes","Interneurons","Ncam1","Ncam1",0.00484424816187343,0.02,"NCAM1_NCAM1","Ncam1  - Ncam1","NCAM","Cell-Cell Contact","KEGG: mmu04514"
"Interneurons","Late_Differentiating","Ncam1","Ncam1",0.00813886837384438,0,"NCAM1_NCAM1","Ncam1  - Ncam1","NCAM","Cell-Cell Contact","KEGG: mmu04514"
"Late_Differentiating","Late_Differentiating","Ncam1","Ncam1",0.0102408983254008,0,"NCAM1_NCAM1","Ncam1  - Ncam1","NCAM","Cell-Cell Contact","KEGG: mmu04514"
"Oligodendrocytes","Late_Differentiating","Ncam1","Ncam1",0.00610060838731317,0,"NCAM1_NCAM1","Ncam1  - Ncam1","NCAM","Cell-Cell Contact","KEGG: mmu04514"
"Interneurons","Oligodendrocytes","Ncam1","Ncam1",0.00484424816187343,0.02,"NCAM1_NCAM1","Ncam1  - Ncam1","NCAM","Cell-Cell Contact","KEGG: mmu04514"
"Late_Differentiating","Oligodendrocytes","Ncam1","Ncam1",0.00610060838731317,0,"NCAM1_NCAM1","Ncam1  - Ncam1","NCAM","Cell-Cell Contact","KEGG: mmu04514"
"Oligodendrocytes","Oligodendrocytes","Ncam1","Ncam1",0.00362805935812969,0.04,"NCAM1_NCAM1","Ncam1  - Ncam1","NCAM","Cell-Cell Contact","KEGG: mmu04514"
"Endothelial","Endothelial","Pecam1","Pecam1",0.0109908838178544,0,"PECAM1_PECAM1","Pecam1  - Pecam1","PECAM1","Cell-Cell Contact","KEGG: mmu04514"
"Astrocytes","Astrocytes","Gja1","Gja1",0.0200395746354957,0,"GJA1_GJA1","Gja1 - Gja1","GAP","Cell-Cell Contact","PMID: 32532966;PMID: 15094344"
"Endothelial","Astrocytes","Gja1","Gja1",0.0118627778235031,0,"GJA1_GJA1","Gja1 - Gja1","GAP","Cell-Cell Contact","PMID: 32532966;PMID: 15094344"
"Vascular_Fibroblasts","Astrocytes","Gja1","Gja1",0.0156882235094023,0,"GJA1_GJA1","Gja1 - Gja1","GAP","Cell-Cell Contact","PMID: 32532966;PMID: 15094344"
"Astrocytes","Endothelial","Gja1","Gja1",0.0118627778235031,0,"GJA1_GJA1","Gja1 - Gja1","GAP","Cell-Cell Contact","PMID: 32532966;PMID: 15094344"
"Endothelial","Endothelial","Gja1","Gja1",0.00699855202884841,0,"GJA1_GJA1","Gja1 - Gja1","GAP","Cell-Cell Contact","PMID: 32532966;PMID: 15094344"
"Vascular_Fibroblasts","Endothelial","Gja1","Gja1",0.00927012356325115,0,"GJA1_GJA1","Gja1 - Gja1","GAP","Cell-Cell Contact","PMID: 32532966;PMID: 15094344"
"Astrocytes","Vascular_Fibroblasts","Gja1","Gja1",0.0156882235094023,0,"GJA1_GJA1","Gja1 - Gja1","GAP","Cell-Cell Contact","PMID: 32532966;PMID: 15094344"
"Endothelial","Vascular_Fibroblasts","Gja1","Gja1",0.00927012356325115,0,"GJA1_GJA1","Gja1 - Gja1","GAP","Cell-Cell Contact","PMID: 32532966;PMID: 15094344"
"Vascular_Fibroblasts","Vascular_Fibroblasts","Gja1","Gja1",0.0122698854328105,0,"GJA1_GJA1","Gja1 - Gja1","GAP","Cell-Cell Contact","PMID: 32532966;PMID: 15094344"
"Astrocytes","Astrocytes","Pcdhga9","Pcdhga9",0.00997921796391613,0,"PCDHGA9_PCDHGA9","Pcdhga9 - Pcdhga9","PCDH","Cell-Cell Contact","PMID: 35253643; PMID: 32694982"
"Early_Differentiating","Astrocytes","Pcdhga9","Pcdhga9",0.00669939987952438,0,"PCDHGA9_PCDHGA9","Pcdhga9 - Pcdhga9","PCDH","Cell-Cell Contact","PMID: 35253643; PMID: 32694982"
"Interneurons","Astrocytes","Pcdhga9","Pcdhga9",0.00959538659406171,0,"PCDHGA9_PCDHGA9","Pcdhga9 - Pcdhga9","PCDH","Cell-Cell Contact","PMID: 35253643; PMID: 32694982"
"Oligodendrocytes","Astrocytes","Pcdhga9","Pcdhga9",0.00987005332009544,0,"PCDHGA9_PCDHGA9","Pcdhga9 - Pcdhga9","PCDH","Cell-Cell Contact","PMID: 35253643; PMID: 32694982"
"Stem_B","Astrocytes","Pcdhga9","Pcdhga9",0.00654774501677774,0,"PCDHGA9_PCDHGA9","Pcdhga9 - Pcdhga9","PCDH","Cell-Cell Contact","PMID: 35253643; PMID: 32694982"
"Vascular_Fibroblasts","Astrocytes","Pcdhga9","Pcdhga9",0.00834243657396047,0,"PCDHGA9_PCDHGA9","Pcdhga9 - Pcdhga9","PCDH","Cell-Cell Contact","PMID: 35253643; PMID: 32694982"
"Astrocytes","Early_Differentiating","Pcdhga9","Pcdhga9",0.00669939987952438,0,"PCDHGA9_PCDHGA9","Pcdhga9 - Pcdhga9","PCDH","Cell-Cell Contact","PMID: 35253643; PMID: 32694982"
"Early_Differentiating","Early_Differentiating","Pcdhga9","Pcdhga9",0.00449265096646708,0,"PCDHGA9_PCDHGA9","Pcdhga9 - Pcdhga9","PCDH","Cell-Cell Contact","PMID: 35253643; PMID: 32694982"
"Interneurons","Early_Differentiating","Pcdhga9","Pcdhga9",0.0064408996640371,0,"PCDHGA9_PCDHGA9","Pcdhga9 - Pcdhga9","PCDH","Cell-Cell Contact","PMID: 35253643; PMID: 32694982"
"Oligodendrocytes","Early_Differentiating","Pcdhga9","Pcdhga9",0.00662587369281377,0,"PCDHGA9_PCDHGA9","Pcdhga9 - Pcdhga9","PCDH","Cell-Cell Contact","PMID: 35253643; PMID: 32694982"
"Stem_B","Early_Differentiating","Pcdhga9","Pcdhga9",0.00439072964386595,0,"PCDHGA9_PCDHGA9","Pcdhga9 - Pcdhga9","PCDH","Cell-Cell Contact","PMID: 35253643; PMID: 32694982"
"Vascular_Fibroblasts","Early_Differentiating","Pcdhga9","Pcdhga9",0.00559752942739741,0,"PCDHGA9_PCDHGA9","Pcdhga9 - Pcdhga9","PCDH","Cell-Cell Contact","PMID: 35253643; PMID: 32694982"
"Astrocytes","Interneurons","Pcdhga9","Pcdhga9",0.00959538659406171,0,"PCDHGA9_PCDHGA9","Pcdhga9 - Pcdhga9","PCDH","Cell-Cell Contact","PMID: 35253643; PMID: 32694982"
"Early_Differentiating","Interneurons","Pcdhga9","Pcdhga9",0.0064408996640371,0,"PCDHGA9_PCDHGA9","Pcdhga9 - Pcdhga9","PCDH","Cell-Cell Contact","PMID: 35253643; PMID: 32694982"
"Interneurons","Interneurons","Pcdhga9","Pcdhga9",0.00922618097532148,0,"PCDHGA9_PCDHGA9","Pcdhga9 - Pcdhga9","PCDH","Cell-Cell Contact","PMID: 35253643; PMID: 32694982"
"Oligodendrocytes","Interneurons","Pcdhga9","Pcdhga9",0.00949038050775218,0,"PCDHGA9_PCDHGA9","Pcdhga9 - Pcdhga9","PCDH","Cell-Cell Contact","PMID: 35253643; PMID: 32694982"
"Stem_B","Interneurons","Pcdhga9","Pcdhga9",0.00629505940661286,0,"PCDHGA9_PCDHGA9","Pcdhga9 - Pcdhga9","PCDH","Cell-Cell Contact","PMID: 35253643; PMID: 32694982"
"Vascular_Fibroblasts","Interneurons","Pcdhga9","Pcdhga9",0.00802105078266723,0,"PCDHGA9_PCDHGA9","Pcdhga9 - Pcdhga9","PCDH","Cell-Cell Contact","PMID: 35253643; PMID: 32694982"
"Astrocytes","Oligodendrocytes","Pcdhga9","Pcdhga9",0.00987005332009544,0,"PCDHGA9_PCDHGA9","Pcdhga9 - Pcdhga9","PCDH","Cell-Cell Contact","PMID: 35253643; PMID: 32694982"
"Early_Differentiating","Oligodendrocytes","Pcdhga9","Pcdhga9",0.00662587369281377,0,"PCDHGA9_PCDHGA9","Pcdhga9 - Pcdhga9","PCDH","Cell-Cell Contact","PMID: 35253643; PMID: 32694982"
"Interneurons","Oligodendrocytes","Pcdhga9","Pcdhga9",0.00949038050775218,0,"PCDHGA9_PCDHGA9","Pcdhga9 - Pcdhga9","PCDH","Cell-Cell Contact","PMID: 35253643; PMID: 32694982"
"Oligodendrocytes","Oligodendrocytes","Pcdhga9","Pcdhga9",0.00976207107484206,0,"PCDHGA9_PCDHGA9","Pcdhga9 - Pcdhga9","PCDH","Cell-Cell Contact","PMID: 35253643; PMID: 32694982"
"Stem_B","Oligodendrocytes","Pcdhga9","Pcdhga9",0.006475872397109,0,"PCDHGA9_PCDHGA9","Pcdhga9 - Pcdhga9","PCDH","Cell-Cell Contact","PMID: 35253643; PMID: 32694982"
"Vascular_Fibroblasts","Oligodendrocytes","Pcdhga9","Pcdhga9",0.00825102778185459,0,"PCDHGA9_PCDHGA9","Pcdhga9 - Pcdhga9","PCDH","Cell-Cell Contact","PMID: 35253643; PMID: 32694982"
"Astrocytes","Stem_B","Pcdhga9","Pcdhga9",0.00654774501677774,0,"PCDHGA9_PCDHGA9","Pcdhga9 - Pcdhga9","PCDH","Cell-Cell Contact","PMID: 35253643; PMID: 32694982"
"Early_Differentiating","Stem_B","Pcdhga9","Pcdhga9",0.00439072964386595,0,"PCDHGA9_PCDHGA9","Pcdhga9 - Pcdhga9","PCDH","Cell-Cell Contact","PMID: 35253643; PMID: 32694982"
"Interneurons","Stem_B","Pcdhga9","Pcdhga9",0.00629505940661286,0,"PCDHGA9_PCDHGA9","Pcdhga9 - Pcdhga9","PCDH","Cell-Cell Contact","PMID: 35253643; PMID: 32694982"
"Oligodendrocytes","Stem_B","Pcdhga9","Pcdhga9",0.006475872397109,0,"PCDHGA9_PCDHGA9","Pcdhga9 - Pcdhga9","PCDH","Cell-Cell Contact","PMID: 35253643; PMID: 32694982"
"Stem_B","Stem_B","Pcdhga9","Pcdhga9",0.00429111056531685,0,"PCDHGA9_PCDHGA9","Pcdhga9 - Pcdhga9","PCDH","Cell-Cell Contact","PMID: 35253643; PMID: 32694982"
"Vascular_Fibroblasts","Stem_B","Pcdhga9","Pcdhga9",0.00547068031991616,0,"PCDHGA9_PCDHGA9","Pcdhga9 - Pcdhga9","PCDH","Cell-Cell Contact","PMID: 35253643; PMID: 32694982"
"Astrocytes","Vascular_Fibroblasts","Pcdhga9","Pcdhga9",0.00834243657396047,0,"PCDHGA9_PCDHGA9","Pcdhga9 - Pcdhga9","PCDH","Cell-Cell Contact","PMID: 35253643; PMID: 32694982"
"Early_Differentiating","Vascular_Fibroblasts","Pcdhga9","Pcdhga9",0.00559752942739741,0,"PCDHGA9_PCDHGA9","Pcdhga9 - Pcdhga9","PCDH","Cell-Cell Contact","PMID: 35253643; PMID: 32694982"
"Interneurons","Vascular_Fibroblasts","Pcdhga9","Pcdhga9",0.00802105078266723,0,"PCDHGA9_PCDHGA9","Pcdhga9 - Pcdhga9","PCDH","Cell-Cell Contact","PMID: 35253643; PMID: 32694982"
"Oligodendrocytes","Vascular_Fibroblasts","Pcdhga9","Pcdhga9",0.00825102778185459,0,"PCDHGA9_PCDHGA9","Pcdhga9 - Pcdhga9","PCDH","Cell-Cell Contact","PMID: 35253643; PMID: 32694982"
"Stem_B","Vascular_Fibroblasts","Pcdhga9","Pcdhga9",0.00547068031991616,0,"PCDHGA9_PCDHGA9","Pcdhga9 - Pcdhga9","PCDH","Cell-Cell Contact","PMID: 35253643; PMID: 32694982"
"Vascular_Fibroblasts","Vascular_Fibroblasts","Pcdhga9","Pcdhga9",0.00697222778295403,0.03,"PCDHGA9_PCDHGA9","Pcdhga9 - Pcdhga9","PCDH","Cell-Cell Contact","PMID: 35253643; PMID: 32694982"
"Vascular_Fibroblasts","Vascular_Fibroblasts","Flrt2","Flrt2",0.00502285303850311,0,"FLRT2_FLRT2","Flrt2 - Flrt2","FLRT","Cell-Cell Contact","PMID: 27091502"
"Astrocytes","Macrophages_Microglia","App","TREM2_TYROBP",0.058861153182264,0,"APP_TREM2_TYROBP","App - (Trem2+Tyrobp)","APP","Cell-Cell Contact","PMID:27477013"
"Differentiated_CGN_like","Macrophages_Microglia","App","TREM2_TYROBP",0.161901248540162,0,"APP_TREM2_TYROBP","App - (Trem2+Tyrobp)","APP","Cell-Cell Contact","PMID:27477013"
"Early_Differentiating","Macrophages_Microglia","App","TREM2_TYROBP",0.0489309482998204,0,"APP_TREM2_TYROBP","App - (Trem2+Tyrobp)","APP","Cell-Cell Contact","PMID:27477013"
"Endothelial","Macrophages_Microglia","App","TREM2_TYROBP",0.139194387939416,0,"APP_TREM2_TYROBP","App - (Trem2+Tyrobp)","APP","Cell-Cell Contact","PMID:27477013"
"Interneurons","Macrophages_Microglia","App","TREM2_TYROBP",0.0580395781239887,0,"APP_TREM2_TYROBP","App - (Trem2+Tyrobp)","APP","Cell-Cell Contact","PMID:27477013"
"Late_Differentiating","Macrophages_Microglia","App","TREM2_TYROBP",0.0616813336831711,0,"APP_TREM2_TYROBP","App - (Trem2+Tyrobp)","APP","Cell-Cell Contact","PMID:27477013"
"Macrophages_Microglia","Macrophages_Microglia","App","TREM2_TYROBP",0.0320489538500803,0,"APP_TREM2_TYROBP","App - (Trem2+Tyrobp)","APP","Cell-Cell Contact","PMID:27477013"
"Mitotic_A","Macrophages_Microglia","App","TREM2_TYROBP",0.0465442811944141,0,"APP_TREM2_TYROBP","App - (Trem2+Tyrobp)","APP","Cell-Cell Contact","PMID:27477013"
"Oligodendrocytes","Macrophages_Microglia","App","TREM2_TYROBP",0.0581903084903868,0,"APP_TREM2_TYROBP","App - (Trem2+Tyrobp)","APP","Cell-Cell Contact","PMID:27477013"
"Pericytes","Macrophages_Microglia","App","TREM2_TYROBP",0.0376910485324293,0,"APP_TREM2_TYROBP","App - (Trem2+Tyrobp)","APP","Cell-Cell Contact","PMID:27477013"
"Purkinje_Cells","Macrophages_Microglia","App","TREM2_TYROBP",0.0424635737806487,0,"APP_TREM2_TYROBP","App - (Trem2+Tyrobp)","APP","Cell-Cell Contact","PMID:27477013"
"Red_Blood_Cells","Macrophages_Microglia","App","TREM2_TYROBP",0.0398495717955951,0,"APP_TREM2_TYROBP","App - (Trem2+Tyrobp)","APP","Cell-Cell Contact","PMID:27477013"
"Stem_A","Macrophages_Microglia","App","TREM2_TYROBP",0.0460932476885196,0,"APP_TREM2_TYROBP","App - (Trem2+Tyrobp)","APP","Cell-Cell Contact","PMID:27477013"
"Stem_B","Macrophages_Microglia","App","TREM2_TYROBP",0.0419928863085795,0,"APP_TREM2_TYROBP","App - (Trem2+Tyrobp)","APP","Cell-Cell Contact","PMID:27477013"
"Vascular_Fibroblasts","Macrophages_Microglia","App","TREM2_TYROBP",0.173180912052524,0,"APP_TREM2_TYROBP","App - (Trem2+Tyrobp)","APP","Cell-Cell Contact","PMID:27477013"
"Astrocytes","Macrophages_Microglia","Apoe","TREM2_TYROBP",0.324274201964459,0,"APOE_TREM2_TYROBP","Apoe - (Trem2+Tyrobp)","ApoE","Cell-Cell Contact","uniprot;PMID:27477015"
"Endothelial","Macrophages_Microglia","Apoe","TREM2_TYROBP",0.0716267811458157,0,"APOE_TREM2_TYROBP","Apoe - (Trem2+Tyrobp)","ApoE","Cell-Cell Contact","uniprot;PMID:27477015"
"Macrophages_Microglia","Macrophages_Microglia","Apoe","TREM2_TYROBP",0.375660285014909,0,"APOE_TREM2_TYROBP","Apoe - (Trem2+Tyrobp)","ApoE","Cell-Cell Contact","uniprot;PMID:27477015"
"Oligodendrocytes","Macrophages_Microglia","Apoe","TREM2_TYROBP",0.0497958831701892,0,"APOE_TREM2_TYROBP","Apoe - (Trem2+Tyrobp)","ApoE","Cell-Cell Contact","uniprot;PMID:27477015"
"Vascular_Fibroblasts","Macrophages_Microglia","Apoe","TREM2_TYROBP",0.193116167825893,0,"APOE_TREM2_TYROBP","Apoe - (Trem2+Tyrobp)","ApoE","Cell-Cell Contact","uniprot;PMID:27477015"
"Differentiated_CGN_like","Macrophages_Microglia","Cadm3","Cadm1",0.00972437722507127,0,"CADM3_CADM1","Cadm3 - Cadm1","CADM","Cell-Cell Contact","PMID: 33397712;"
"Late_Differentiating","Macrophages_Microglia","Cadm3","Cadm1",0.00846804469633347,0,"CADM3_CADM1","Cadm3 - Cadm1","CADM","Cell-Cell Contact","PMID: 33397712;"
"Differentiated_CGN_like","Mitotic_A","Cadm3","Cadm1",0.00941200393057643,0,"CADM3_CADM1","Cadm3 - Cadm1","CADM","Cell-Cell Contact","PMID: 33397712;"
"Late_Differentiating","Mitotic_A","Cadm3","Cadm1",0.00819569420029284,0,"CADM3_CADM1","Cadm3 - Cadm1","CADM","Cell-Cell Contact","PMID: 33397712;"
"Differentiated_CGN_like","Mitotic_B","Cadm3","Cadm1",0.00781022255342698,0,"CADM3_CADM1","Cadm3 - Cadm1","CADM","Cell-Cell Contact","PMID: 33397712;"
"Late_Differentiating","Mitotic_B","Cadm3","Cadm1",0.00679948957733898,0,"CADM3_CADM1","Cadm3 - Cadm1","CADM","Cell-Cell Contact","PMID: 33397712;"
"Differentiated_CGN_like","Oligodendrocytes","Cadm3","Cadm1",0.00659183647070975,0,"CADM3_CADM1","Cadm3 - Cadm1","CADM","Cell-Cell Contact","PMID: 33397712;"
"Late_Differentiating","Oligodendrocytes","Cadm3","Cadm1",0.00573786489208139,0,"CADM3_CADM1","Cadm3 - Cadm1","CADM","Cell-Cell Contact","PMID: 33397712;"
"Differentiated_CGN_like","Purkinje_Cells","Cadm3","Cadm1",0.00982578376212762,0,"CADM3_CADM1","Cadm3 - Cadm1","CADM","Cell-Cell Contact","PMID: 33397712;"
"Late_Differentiating","Purkinje_Cells","Cadm3","Cadm1",0.00855646330343335,0,"CADM3_CADM1","Cadm3 - Cadm1","CADM","Cell-Cell Contact","PMID: 33397712;"
"Differentiated_CGN_like","Red_Blood_Cells","Cadm3","Cadm1",0.00974884481582451,0,"CADM3_CADM1","Cadm3 - Cadm1","CADM","Cell-Cell Contact","PMID: 33397712;"
"Late_Differentiating","Red_Blood_Cells","Cadm3","Cadm1",0.00848937831683587,0,"CADM3_CADM1","Cadm3 - Cadm1","CADM","Cell-Cell Contact","PMID: 33397712;"
"Differentiated_CGN_like","Stem_A","Cadm3","Cadm1",0.00875526358289823,0,"CADM3_CADM1","Cadm3 - Cadm1","CADM","Cell-Cell Contact","PMID: 33397712;"
"Late_Differentiating","Stem_A","Cadm3","Cadm1",0.00762317103277777,0,"CADM3_CADM1","Cadm3 - Cadm1","CADM","Cell-Cell Contact","PMID: 33397712;"
"Differentiated_CGN_like","Stem_B","Cadm3","Cadm1",0.0098316998959718,0,"CADM3_CADM1","Cadm3 - Cadm1","CADM","Cell-Cell Contact","PMID: 33397712;"
"Late_Differentiating","Stem_B","Cadm3","Cadm1",0.00856162178387653,0,"CADM3_CADM1","Cadm3 - Cadm1","CADM","Cell-Cell Contact","PMID: 33397712;"
